类别,中文,英文,Notes,,,,
系统标题,汉籍流传可视化,Chinese Classics Circulation,系统名称：待定,,,,
视图标题,图,Hierarchical Graph,,,,,
,时间线,Timeline,,,,,
,地图,Geographic Map,,,,,
书目类型,经,Scriptures,,,,,
,史,History,,,,,
,子,Songs,,,,,
,集,Collected Works,,,,,
机构类型,机构类型,organization type,机构 Library? Organization? Institution?,,,,
,皇家,Royal family,,,,,
,公家,Public family,政府机构,,,,
,大学,college,,,,,
,寺廟,temple,,,,,
,私人,private,,,,,
,不详,unknown,,,,,
人物类型,人物类型,character type,人物 character? agent? figure?,,,,
,皇室,royal family,,,,,
,官員,official,,,,,
,學者,scholar,,,,,
,僧侶,monk,,,,,
,商人,businessmen,,,,,
,不详,unkonwn,,,,,
时间轴（年代划分）,时间（公元）,Time (AD),,,,,
,宋,Song,,,,,
,元,Yuan,,,,,
,明,Ming,,,,,
,清,Qing,,,,,
,民国,Republic of China,,,,,
,平安,Heian Period,,,,,
,镰仓,Kamakura Period,,,,,
,南北朝,North and South Dynasties,,,,,
,室町,Muromachi Period,,,,,
,江户,Edo Period,,,,,
,明治,Meiji Period,,,,,
,大正,Taisho Period,,,,,
,昭和,Showa Period,,,,,
Location,日本滋賀縣蒲生郡日野町,"Hino-cho, Gamo-gun, Shiga Prefecture, Japan",,,,,
,日本福井縣?,"Fukui Prefecture, Japan?",,,,,
,安徽省當塗縣,"Dangtu County, Anhui Province",,,,,
,浙江省杭州市西湖區,"Xihu District, Hangzhou City, Zhejiang Province",,,,,
,日本大分縣佐伯市,"Saiki City, Oita Prefecture, Japan",,,,,
,四川成都,"Chengdu, Sichuan",,,,,
,浙江東陽,"Dongyang, Zhejiang Province",,,,,
,江南,Jiangnan,,,,,
,日本京都府京都市上京區,"Kamigyo Ward, Kyoto City, Kyoto Prefecture, Japan",,,,,
,日本神奈川縣橫濱市戶塚區,"Totsuka Ward, Yokohama City, Kanagawa Prefecture, Japan",,,,,
,河北正定,"Zhengding, Hebei",,,,,
,江西省南昌市,"Nanchang City, Jiangxi Province",,,,,
,福建建甌,"Jianou City, Fujian Province",,,,,
,福建省建瓯市,"Jian 'ou City, Fujian Province",,,,,
,上海市青浦縣,"Qingpu County, Shanghai",,,,,
,陝西安康,"Ankang, Shaanxi Province",,,,,
,江蘇省張家港市,"Zhangjiagang City, Jiangsu Province",,,,,
,福建南平市建陽區,"Jianyang District, Nanping City, Fujian Province",,,,,
,日本京都八幡市,"Yawata City, Kyoto, Japan",,,,,
,日本東京都千代田區霞关,"Kasumigaseki, Chiyoda Ward, Tokyo, Japan",,,,,
,日本福井縣福井市,"Fukui City, Fukui Prefecture, Japan",,,,,
,日本四國高知縣,"Kochi Prefecture, Shikoku, Japan",,,,,
,日本東京紅葉山,"Momijiyama Mountain, Tokyo, Japan",,,,,
,日本京都府京都右京區嵯峨北堀町,"Sagakitabori-cho, Ukyo Ward, Kyoto City, Kyoto Prefecture, Japan",,,,,
,朝鮮半島,Korean peninsula,,,,,
,浙江寧波,"Ningbo, Zhejiang",,,,,
,廣東肇慶,"Zhaoqing, Guangdong",,,,,
,朝鮮開城市,"Kaesong, North Korea",,,,,
,日本岡山縣岡山市?,"Okayama, Okayama Prefecture, Japan?",,,,,
,福建省南平市建陽區,"Jianyang District, Nanping City, Fujian Province",,,,,
,日本東京都台東區藏前町,"Kuramae-cho, Taito Ward, Tokyo, Japan",,,,,
,日本京都府京都市東山區本町,"Honmachi, Higashiyama Ward, Kyoto City, Kyoto Prefecture, Japan",,,,,
,安徽省舒縣,"Shu County, Anhui Province",,,,,
,福建,Fujian Province,,,,,
,江西吉州安福縣,Jiangxi Jizhou Anfu County,,,,,
,日本京都府京都右京區南禪寺,"Nanzenji Temple, Ukyo Ward, Kyoto City, Kyoto Prefecture, Japan",,,,,
,日本東京文京區湯島,"Yushima, Bunkyo Ward, Tokyo, Japan",,,,,
,日本京都府京都市右京區,"Ukyo Ward, Kyoto City, Kyoto Prefecture, Japan",,,,,
,日本東京都港區赤坂離宮,"Akasakarikyu, Minato Ward, Tokyo, Japan",,,,,
,日本京都府京都市北區,"Kita Ward, Kyoto City, Kyoto Prefecture, Japan",,,,,
,日本滋賀縣東山道地區,"Tosando area, Shiga Prefecture, Japan",,,,,
,日本東京都文京區,"Bunkyo Ward, Tokyo, Japan",,,,,
,浙江中部,Central Zhejiang,,,,,
,日本東京都千代田區千代田,"Chiyoda, Chiyoda Ward, Tokyo, Japan",,,,,
,湖北陽新,"Yangxin, Hubei Province",,,,,
,江西省贛州市,"Ganzhou City, Jiangxi Province",,,,,
,日本東京台東區淺草,"Asakusa, Taito Ward, Tokyo, Japan",,,,,
,日本東京都台東區上野,"Ueno, Taito Ward, Tokyo, Japan",,,,,
,江西省吉安市,"Ji 'an City, Jiangxi Province",,,,,
,日本京都府京都右京區嵯峨,"Saga, Ukyo Ward, Kyoto City, Kyoto Prefecture, Japan",,,,,
,江蘇省蘇州市,"Suzhou, Jiangsu Province",,,,,
,韓國首爾,"Seoul, South Korea",,,,,
,日本東京都千代田區神田佐久間町,"Kandasakuma-cho, Chiyoda Ward, Tokyo, Japan",,,,,
,浙江紹興,"Shaoxing, Zhejiang Province",,,,,
,朝鮮坡平？,"Papyeong, North Korea?",,,,,
,浙江省杭州市,"Hangzhou City, Zhejiang Province",,,,,
,福建省建陽縣麻沙鎮,"Masha Town, Jianyang County, Fujian Province",,,,,
,湖南,Hunan,,,,,
,江蘇省揚州市,"Yangzhou City, Jiangsu Province",,,,,
,中國江蘇蘇州,"Suzhou, Jiangsu, China",,,,,
agent,釋宗杲,Shi Zonggao,,,,,
,寺田弘(一名盛業，字士弘，號望南),"Hiroshi Terada (a Seigyo, courtesy name Shiko, alias Bonan)",,,,,
,蘇軾,Su Shi,,,,,
,沢田一斎,Issai Sawada,,,,,
,宋祁,Song Qi,,,,,
,巢元方,Neiyuan formula,,,,,
,朱熹/程復心,Zhu Xi/Cheng Fuxin,,,,,
,僧玄興,Monk Xuanxing,Nankagenko（日僧南化玄興？）,,,,
,德富蘇峰,Soho Tokutomi,,,,,
,菅原在輔,Arisuke Sugawara,,,,,
,小倉祐利,Yuri Ogura,,,,,
,寶英,Baoying,,,,,
,丹波氏(即多紀氏，多紀元孝等),"Tanba (i.e. Taki, Mototaka Taki, etc.)",,,,,
,蕭統/李善/五臣（呂延濟、劉良、張銑、呂向、李周瀚）,"Xiao Tong/LI Shan/Wu Chen (LV Yanji, Liu Liang, Zhang Mill, Lu Xiang, LI Zhouhan)",,,,,
,陳景沂/祝穆,Chen Jingyi/Zhu Mu,,,,,
,丁度,Butyl degree,,,,,
,釋悟明,enlightenment,,,,,
,圓種,Round species,,,,,
,愛新覺羅顒琰、旻宁、奕詝、载淳、载湉、溥仪,"Aisin Jogoro, Minning, Yi wisdom, Jaisun, Jaishu, Pu Yi",,,,,
,李昉,Li Fang,,,,,
,岡本況齋,Kyosai Okamoto,,,,,
,王安石,Wang Anshi,,,,,
,高麗肅宗,King Sukjong of Goryeo,,,,,
,真勢中洲,Chusyu Mase,,,,,
,聖一國師,Syoichi-kokushi,,,,,
,市橋長昭,Nagaaki Ichihashi,,,,,
,陳澔,Chen ho,,,,,
,寺田望南,Terada Bonan,,,,,
,毛利高翰,Takanaka Mori,,,,,
,柴邦彥,Kunihiko Shiba,,,,,
,寒山,Cold mountain,,,,,
,王安石/李壁/劉辰翁,Wang Anshi/Li Bi/Liu Chenweng,,,,,
,杜甫/徐居仁/黃鶴,Du Fu/Xu Juren/Huang He,,,,,
,劉渙,Liu Huan,,,,,
,許謙,Xu Qian,,,,,
,范履祥,Fan Luxiang,,,,,
,毋逢辰,Wu Fengchen,,,,,
,林恕,Lin Shu,,,,,
,清田儋叟,Tanso Seita,,,,,
,多紀元德,Motonori Taki,,,,,
,森立之,Risshi Mori,,,,,
,實叉難陀,Shiharnanda,,,,,
,董楷,Dong Kai,,,,,
,狩谷棭齋,Ekisai Kariya,,,,,
,溥傑,Pu Jie,,,,,
,山田業廣,Gyoko Yamada,,,,,
,朝鮮世宗,Joseon Sejong,,,,,
,陳元靚,Chen Yuanliang,,,,,
,呂祖謙,Lv Zuqian,,,,,
,祝穆,Zhu Mu,,,,,
,孔穎達/王德韶/李子雲/朱長才/蘇德融/隋德素/王士雄/趙弘智/長孫無忌/李勣/于志寧/張行成/高季輔/褚遂良/柳奭/谷那律/劉伯莊/賈公彥/范義頵/齊威/柳士宣/孔志約/趙君贊/薛伯珍/史士弘/鄭祖玄/周玄達/李玄植/王真儒,Kong Yingda/Wang Deshao/Li Ziyun/Zhu Changcai/Su Delong/Sui Desu/Wang Shixiong/Zhao Hongzhi/Changsun Wuji/Li Merit/Yu Zhining/Zhang Xingcheng/Gao Jifu/Chu Suiliang/Liu Shi/Gu Nalu/Liu Bozhuang/Jia Gongyan/Fan Yishuang/Qi Wei/Liu Shixuan/Kong Zhiyao/Zhao Junzan/Xue Bozhen/Shi Shihong/Zheng Zuxuan/Zhou Xuanda/Li Xuanshik/Wang Zhenru,,,,,
,李公凱,Li Gongkai,,,,,
,張清子,Zhang Qingzi,,,,,
,井口蘭雪,Ransetsu Iguchi,,,,,
,歐陽修,Ouyang Xiu,,,,,
,顧然,Gu Ran,,,,,
,溥儀/溥傑,Pu Yi/Pu Jie,,,,,
,寇宗奭,Kou Zongshi,,,,,
,樂史,Leshi,,,,,
,彭寅翁,Peng Yin Weng,,,,,
,河合元升,Gensyo Kawai,,,,,
,毛利高標,Takasue Mori,,,,,
,余彥國,Yu Yanguo,,,,,
,宇喜多秀家,Hideie Ukita,,,,,
,德川家齊,Ienari Tokugawa,,,,,
,愛新覺羅弘曆,Aixinjueluo Hongli,,,,,
,王通/阮逸,Wang Tong/Ruan Yi,,,,,
,陳齊巖,Chen Qiyan,,,,,
,納蘭揆敘,Naran Cosur,,,,,
,余志安,Yu Zhi 'an,,,,,
,吳岫,Wu Xiu,,,,,
,樋口光義,Mitsuyoshi Higuchi,,,,,
,真定提學龍山趙候國寶,Really set learning Longshan Zhao Hou national treasure,,,,,
,狩谷望之,Mochiyuki Kariya,,,,,
,魏峴,Wei Xian,,,,,
,芝野六助,Rokusuke Shibano,,,,,
,細川十洲(潤次郎),Hosokawa Jyussyu (Jyunjiro),,,,,
,譚景星/陳泗孔,Tan Jingxing/Chen Sikong,,,,,
,溥儀/日本天皇,Pu Yi/The Emperor of Japan,,,,,
,多紀元孝,Mototaka Taki,,,,,
,趙善繼/盧欽,Zhao Shanji/Lu Qin,,,,,
,王充,Wang Chong,,,,,
,張世南,Zhang Shinan,,,,,
,蘇天爵,Su Tianjue,,,,,
,蘇洵/蘇軾/蘇轍/闕名,Su Xun/Su Shi/Su Zhe/Que name,,,,,
,心華元棣,Shinge Gentei,,,,,
,曲直瀨養安院家,Manase-yoanin,,,,,
,唐寅,Tang Yin,,,,,
,倪士毅,Ni Shiyi,,,,,
,林衡,Lin Heng,,,,,
,崔敦诗,Choi Dunshi,,,,,
,郭璞/邢昺,Guo Pu/Xing Bing,,,,,
,堀正意,Masaoki Hori,,,,,
,山内豊信,Toyoshige Yamauchi,,,,,
,錢孫愛,Qian Sunai,,,,,
,釋居簡,A surname,,,,,
,日典,Nitten,,,,,
,木村正辭,Masakoto Kimura,,,,,
,渡邊霞亭,Katei Watanabe,,,,,
,楊倓,Yang Yan,,,,,
,尹瑜,Yin Yu,,,,,
,江戶幕府,The Edo shogunate,正確,,,,
,榊原玄輔,Gensuke Sakakibara,,,,,
,伊勢屋源七,Iseya Genshichi,,,,,
,林宗二,Rin Soji,,,,,
,汪克寬,Wang Kekuan,,,,,
,李隆基,Li Longji,,,,,
,汪啟淑,Wang Qishu,,,,,
,多紀元簡,Motoyasu Taki,,,,,
,洪适,Hong Shi,,,,,
,黃公紹/熊忠,Huang Gongshao/Xiong Zhong,,,,,
,李濂,Li Lian,,,,,
,劉義慶/劉孝標,Liu Yiqing/Liu Xiaobiao,,,,,
,楊萬里/周公恕,Yang Wanli/Zhou Gongshu,,,,,
,木村蒹葭堂,Kenkado Kimura,,,,,
,釋道泰/智境,Shi Tao Tai/Zhi Jing,,,,,
,陳師文,Chen Shiwen,,,,,
,館機(名機，字樞卿),"Pavilion machine (first name machine, Chinese character Shuqing)",,,,,
,無學祖元,Mugaku Sogen,,,,,
,聞人模,Human model,,,,,
,新見正路,Shinmi Masamichi,,,,,
,杜佑,Du You,,,,,
,上杉憲實,Norizane Uesugi,,,,,
,徐堅,Xu Jian,,,,,
,楊萬里/楊長儒/羅茂良,Yang Wanli/Yang Changru/Luo Maoliang,,,,,
,釋法應/釋普惠,The interpretation of the Fa should be/the interpretation of the Pu Hui,,,,,
,余四十三郎,Yu 43 lang,,,,,
,長孫無忌,Eldest son Wuji,,,,,
library,宮内省圖書寮,The Tosyoryo Bunko of Imperial Household Agency,,,,,
,宮内廳書陵部,The Syoryobu Department of Imperial Household Agency,,,,,
,圓德寺,Entokuji Temple,,,,,
,日本舊御府圖書館,The Old Imperial Palace Library in Japan,,,,,
,妙心寺,Myoshinji Temple,,,,,
,勤有堂,Qin Yutang,,,,,
,清宮内府,The imperial Palace,,,,,
,不二北軒,North Fuji-an,如爲東福寺塔頭，則如此。,,,,
,御府圖書,Imperial house book,,,,,
,無範,Muhan,河合元昇藏書印,,,,
,大學校/大學,A large school/university,,,,,
,趨古齋,Ancient zhai,,,,,
,佐伯藩,Saiki Han,,,,,
,稱名寺,Syomyoji Temple,,,,,
,德川幕府,The Tokugawa shogunate,,,,,
,心華藏書,The collection of Shinge Gentei,,,,,
,日本政府圖書,Books of Japanese government,,,,,
,全谿義塾,Jeon Kye Juku,,,,,
,内閣文庫,Naikoku Bunko,,,,,
,崇道精舍,Chongdao Jing House,,,,,
,艮岳院,Kongaku-in,,,,,
,相國寺,Syokokuji Temple,,,,,
,圓覺寺塔中歸源院,Kigenin，Tattyu of Engakuji Temple,,,,,
,内務省文庫,Library of Home Ministry,,,,,
,圓覺寺,Engakuji Temple,,,,,
,芳春院,Housyunin,可能是日本歷史上一位女性，前田利家的正室,,,,
,懷仙樓,Huai Xian Lou,,,,,
,建依別文庫,Takeyoriwake Bunko,,,,,
,楓山文庫,Momijiyama Bunko,,,,,
,聿修堂,Issyudo,可能是多紀氏的堂號,,,,
,宮内省書陵部,The Syoryobu Department of Imperial Household Agency,,,,,
,醫學館,Igakukan,,,,,
,京都高山寺,Kouzanji Temple，Kyoto,,,,,
,江戶醫學館(初名“躋壽館”),"Edo Igakukan (original name ""Seijyukan"")",,,,,
,京都學校,Kyoto school,未知,,,,
,京都妙覺寺,Myokakuji Temple，Kyoto,,,,,
,顏氏家藏,The Yan family stash,,,,,
,桂宮文庫,Katsuranomiya Bunko,,,,,
,讀杜草堂/靜節山房,Read Du cottage/static section mountain room,,,,,
,文化辛未,Bunka Xinwei,當爲日本文化八年辛未，干支不知如何翻譯，直接使用拼音。,,,,
,躋壽館,Seijyukan,,,,,
,享和壬戌,Kyowa Renxu,當爲日本享和二年，干支不知如何翻譯，直接使用拼音。,,,,
,北玉照齋,North Jade Light Zhai,未知,,,,
,興國軍,Xingguo army,,,,,
,金澤文庫,Kanazawa Bunko,,,,,
,幕府?,The shogunate?,,,,,
,真定,genidine,,,,,
,黃雪書屋,Kosetsu syooku,,,,,
,霞亭,Katei,疑爲渡邊霞亭,,,,
,學習院,Gakusyuin,,,,,
,龍眠庵,Ryumin-an,,,,,
,普門院,Fumonin,,,,,
,南禪寺金地院,Konchiin in Nanzenji Temple,,,,,
,謙牧堂,Chamomido,,,,,
,廣壽院,Kojyuin,,,,,
,狩谷棭齋求古樓,Kyukoro of Kariya Ekisai,,,,,
,金地院,Konchiin,,,,,
,林氏家塾,Rinji kajyuku,如果是藏書印文則當如此,,,,
,淺草文庫,Bunko Asakusa,,,,,
,成簣堂文庫,Seikido Bunko,,,,,
,天祿琳瑯,The heavens are full of riches,,,,,
,天龍寺鹿王院,Rokuohin，Tenryuji Temple,,,,,
,戶塚宿,Totsuka juku,,,,,
,翫月堂,Gangetsudo,未知是否是版元名稱,,,,
,太政官文庫,Dajyokan Bunko,,,,,
,誌書精舍,Zhi Shu Jing House,,,,,
,増上寺恵照院,Esyoin in Zoujyoji Temple,,,,,
,楓山官庫,Momijiyama Bunko,,,,,
,昌平坂學問所,Syoheizaka gakumonjyo,,,,,
,神宮寺,Jinguji,,,,,
,寶勝院,Hosyoin,,,,,
,書籍館,Syosekikan,未知,,,,
,玉雲庵,Gyokuun-an,,,,,
,内務省,Home Ministry,,,,,
,帝國博物館,Imperial Museum,,,,,
,京都五山南禪寺,Nanzenji Temple in Kyoto Gozan,,,,,
,建安勵賢堂,Jianan Lixian Hall,,,,,
,肇慶軍府,Zhaoqing Jun Fu,,,,,
,天龍寺金剛院,Kongoin，Tenryuji Temple,,,,,
,賜蘆文庫,Shiro Bunko,,,,,
,經筵,Longitude feast,,,,,
,暢春堂,Chosyundo,河合元昇藏書印,,,,
,植邨書屋,Syokuson syooku,河合元昇藏書印,,,,
,重光殿?,The Hall of Heavy Light?,,,,,
,朝鮮李氏王朝王宮,Palace of the Lee Dynasty of Korea,,,,,
,紅葉山文庫,Momijiyama Bunko,,,,,
location_std,日本-東京-內務省,Japan -- Tokyo -- Home Ministry,日本：Japan,東京：Tokyo,內務省：Ministry of Internal Affairs,,
,日本-東京-千代田-霞关,Japan -- Tokyo -- Chiyoda -- Kasumigaseki,日本：Japan,東京：Tokyo,千代田：Chiyoda,霞关：Kasumigaseki,
,朝鮮-開城市,"Kaesong, North Korea",朝鮮：North Korea,開城市：Kaesong,,,
,中國-江蘇-揚州,"Yangzhou, Jiangsu, China",中國：China,江蘇：Jiangsu,揚州：Yangzhou,,
,中國-江西-贛州,China - Jiangxi - Ganzhou,中國：China,江西：Jiangxi,贛州：Ganzhou,,
,日本-東京-臺東-上野公園北,Japan - Tokyo - Taito - Ueno Park North,日本：Japan,東京：Tokyo,臺東：Taitung,上野公園北：Ueno Park North,
,中國-廣東-肇慶,"Zhaoqing, Guangdong, China",中國：China,廣東：Guangdong,肇慶：Zhaoqing,,
,日本-京都-右京-嵯峨-北堀町,Japan - Kyoto - Ukyo - Saga - Kitabori-cho,日本：Japan,京都：Kyoto,右京：Yukyo,嵯峨：Saga,北堀町：Kitahori Machi
,中國-福建-建陽,"Jianyang, Fujian, China",中國：China,福建：Fujian,建陽：Jianyang,,
,中國-江西,China - Jiangxi,中國：China,江西：Jiangxi,,,
,中國-江蘇-蘇州,China - Jiangsu - Suzhou,中國：China,江蘇：Jiangsu,蘇州：Suzhou,,
,日本-東京-千代田-皇居,Japan - Tokyo - Chiyoda - Imperial Palace,日本：Japan,東京：Tokyo,千代田：Chiyoda,皇居：Imperial Palace,
,日本-京都-右京,Japan - Kyoto - Ukyo,日本：Japan,京都：Kyoto,右京：Yukyo,,
,日本-東京-台東-上野,Japan - Tokyo - Taito - Ueno,日本：Japan,東京：Tokyo,台東：Taitung,上野：Ueno,
,日本-四國-高知,Japan - Shikoku - Kochi,日本：Japan,四國：Shikoku,高知：Kochi,,
,日本-東京-千代田-北之丸公園,Japan -- Tokyo -- Chiyoda -- Kitanomaru Park,日本：Japan,東京：Tokyo,千代田：Chiyoda,北之丸公園：Kitanomaru Park,
,中國-浙江-東陽,"Dongyang, Zhejiang, China",中國：China,浙江：Zhejiang,東陽：Dongyang,,
,日本-滋賀-蒲生-日野町,Japan - Shiga - Gamo - Hino-cho,日本：Japan,滋賀：Shiga,蒲生：Burson,日野町：Hino Machi,
,中國-天津,"Tianjin, China",中國：China,天津：Tianjin,,,
,中國-四川-成都,China - Sichuan - Chengdu,中國：China,四川：Sichuan,成都：Chengdu,,
,日本-京都-東山-本町,Japan - Kyoto - Higashiyama - Motomachi,日本：Japan,京都：Kyoto,東山：Higashiyama,本町：Motomachi,
,中國-湖北-陽新,"Yangxin, Hubei Province, China",中國：China,湖北：Hubei Province,陽新：Yangxin,,
,日本-東京-千代田-神田佐久間町,Japan - Tokyo - Chiyoda - Kanda Sakuma Machi,日本：Japan,東京：Tokyo,千代田：Chiyoda,神田佐九間町：Kanda Sakuma Machi,
,日本-京都-東山区,Japan - Kyoto - Higashiyama Ward,日本：Japan,京都：Kyoto,东山区：Higashiyama Ward,,
,中國-江西-吉州-安福,China - Jiangxi - Jizhou - Anfu,中國：China,江西：Jiangxi,吉州：Jizhou,安福：Anfu,
,中國-浙江-紹興,"Shaoxing, Zhejiang, China",中國：China,浙江：Zhejiang,紹興：Shaoxing,,
,中國-浙江,"Zhejiang, China",中國：China,浙江：Zhejiang,,,
,中國-福建-建甌,"Jianou, Fujian, China",中國：China,福建：Fujian,建甌：Jianou,,
,日本-神奈川-橫濱-金澤,Japan - Kanagawa - Yokohama - Kanazawa,日本：Japan,神奈川：Kanagawa,橫濱：Yokohama,金澤：Kanazawa,
,中國-浙江-寧波,"Ningbo, Zhejiang, China",中國：China,浙江：Zhejiang,寧波：Ningbo,,
,日本-東京-上野忍岡,Japan -- Tokyo -- Ueno Shinobugaoka,日本：Japan,東京：Tokyo,上野忍岡：Nobuoka Ueno,,
,中國-江蘇-崑山,"Kunshan, Jiangsu, China",中國：China,江蘇：Jiangsu,崑山：Kunshan,,
,日本-姬路,Japan - Himeji,日本：Japan,姬路：Himeji,,,
,日本-東京-豐島,Japan - Tokyo - Toshima,日本：Japan,東京：Tokyo,豐島：Toshima,,
,日本-京都,"Kyoto, Japan",日本：Japan,京都：Kyoto,,,
,日本-鐮倉,"Kamakura, Japan",日本：Japan,鐮倉：Kamakura,,,
,日本-京都-右京-嵯峨,Japan - Kyoto-Ukyo-Saga,日本：Japan,京都：Kyoto,右京：Yukyo,嵯峨：Saga,
,日本-神奈川-橫濱-戶塚,Japan -- Kanagawa -- Yokohama -- Totsuka,日本：Japan,神奈川：Kanagawa,橫濱：Yokohama,戶塚：Tozuka,
,中國-安徽-舒縣,China - Anhui - Shu County,中國：China,安徽：Anhui,舒縣：Shu County,,
,日本-奈良,"Nara, Japan",日本：Japan,奈良：Nara,,,
,中國-湖南,China - Hunan,中國：China,湖南：Hunan,,,
,日本-大阪,"Osaka, Japan",日本：Japan,大阪：Osaka,,,
,韓國-首爾,"Seoul, South Korea",韓國：South Korea,首爾：Seoul,,,
,日本-神奈川-鎌倉,Japan -- Kanagawa -- Kamakura,日本：Japan,神奈川：Kanagawa,鎌倉：Kamakura,,
,中國-江南,"Jiangnan, China",中國：China,江南：Jiangnan,,,
,日本-大分-佐伯,Japan - Oita - Saiki,日本：Japan,大分：Oita,佐伯：Zabe,,
,朝鮮-坡平,"Pyeong, North Korea",朝鮮：North Korea,坡平：Pyeong,,,
,中國-北京,China - Beijing,中國：China,北京：Beijing,,,
,中國-陝西-安康,"Ankang, Shaanxi, China",中國：China,陝西：Shaanxi,安康：Ankang,,
,日本-東京-紅葉山,Japan - Tokyo - Momijiyama,日本：Japan,東京：Tokyo,紅葉山：Kaya Hill,,
,中國-浙江-杭州-西湖,China - Zhejiang - Hangzhou - West Lake,中國：China,浙江：Zhejiang,杭州：Hangzhou,西湖：West Lake,
,日本-鹿兒島,"Kagoshima, Japan",日本：Japan,鹿兒島：Kagoshima,,,
,中國-福建-建瓯,"Jianou, Fujian, China",中國：China,福建：Fujian,建瓯：Jianou,,
,日本-京都-上京,Japan - Kyoto - Kamigyo,日本：Japan,京都：Kyoto,上京：Tokyo,,
,中國-江西-吉安,China - Jiangxi - Ji 'an,中國：China,江西：Jiangxi,吉安：Ji 'an,,
,中國-江西-南昌,"Nanchang, Jiangxi, China",中國：China,江西：Jiangxi,南昌：Nanchang,,
,中國-上海-青浦,"Qingpu, Shanghai, China",中國：China,上海：Shanghai,青浦：Qingpu,,
,日本-東京-港區-赤坂離宮,Japan -- Tokyo -- Minato Ward -- Akasakarikyu,日本：Japan,東京：Tokyo,港區：Port Ward,赤坂離宮：Akasaka Iegong,
,日本-東京-文京-湯島,Japan - Tokyo - Bunkyo - Yushima,日本：Japan,東京：Tokyo,文京：Bunkyo,湯島：Yujima,
,日本-京都-右京-南禪寺,Japan - Kyoto - Ukyo - Nanzenji Temple,日本：Japan,京都：Kyoto,右京：Yukyo,南禪寺：Nanzen Temple,
,中國-吉林-長春,China -- Jilin -- Changchun,中國：China,吉林：Jilin,長春：Changchun,,
,中國-河北-正定,China -- Hebei -- Zhengding,中國：China,河北：Hebei,正定：Zhengding,,
,日本-岡山,Japan - Okayama,日本：Japan,岡山：Okayama,,,
,日本-京都-相國寺,Japan -- Kyoto -- Syokokuji Temple,日本：Japan,京都：Kyoto,相國寺：Prime Temple,,
,中國-福建,China - Fujian,中國：China,福建：Fujian,,,
,日本-京都-八幡,Japan - Kyoto - Yawata,日本：Japan,京都：Kyoto,八幡：Yawata,,
,日本-神奈川-橫濱-金澤-金澤町,Japan - Kanagawa - Yokohama - Kanazawa - Kanazawa,日本：Japan,神奈川：Kanagawa,橫濱：Yokohama,金澤：Kanazawa,金澤町：Kanazawa
,中國-福建-建陽-麻沙鎮,China - Fujian - Jianyang - Masha Town,中國：China,福建：Fujian,建陽：Jianyang,麻沙鎮：Masha Town,
,日本-東京-台東-藏前町,Japan - Tokyo - Taito - Kuramae-cho,日本：Japan,東京：Tokyo,台東：Taitung,藏前町：Ashimae Machi,
,日本-福井,Japan - Fukui,日本：Japan,福井：Fukui,,,
,日本-東京,Japan - Tokyo,日本：Japan,東京：Tokyo,,,
,中國-福建-南平-建陽,China - Fujian - Nanping - Jianyang,中國：China,福建：Fujian,南平：Nanping,建陽：Jianyang,
,中國-江蘇-張家港,"Zhangjiagang, Jiangsu, China",中國：Zhangjiagang,江蘇：Jiangsu,張家港：China,,
,中國-浙江-杭州,China - Zhejiang - Hangzhou,中國：China,浙江：Zhejiang,杭州：Hangzhou,,
,日本-京都-北區,Japan - Kyoto - Kita Ward,日本：Japan,京都：Kyoto,北區：North,,
,日本-東京-千代田,Japan - Tokyo - Chiyoda,日本：Japan,東京：Tokyo,千代田：Chiyoda,,
,中國-安徽-當塗,China - Anhui - Dangtu,中國：China,安徽：Anhui,當塗：Dangtu,,
,日本-東京-中心皇宮內舊御府圖書館,Japan - Tokyo - Central Imperial Palace Old Imperial Palace Library,日本：Japan,東京：Tokyo,中心皇宮內舊御府圖書館：Central Imperial Palace Old Imperial Palace Library,,
,日本-滋賀-東山道地區,Japan - Shiga - Tosando area,日本：Japan,滋賀：Shiga,東山道地區：Higashiyama area,,
地點,中国福建建陽,"Jianyang, Fujian Province, China",,,,,
,日本近江國蒲生郡西大路藩,Nishioji -han，Gamo-gun，Ominokuni，Japan,,,,,
,日本東京上野湯島,"Ueno Yushima, Tokyo, Japan",,,,,
,日本神田湯島,"Kanda Yushima, Japan",,,,,
,福建建陽,"Jianyang, Fujian Province",,,,,
,東陽,Dongyang,,,,,
,紹興府,Shaoxing prefecture,,,,,
,天津,Tianjin,,,,,
,日本京都東福寺塔頭寶勝院,"Tattyu Hosyo-in, Tofukuji Temple, Kyoto, Japan",,,,,
,北京,Beijing,,,,,
,日本江戶時代九州地區豐后國海部郡佐伯藩,Saiki-han，Amabe-gun，Bungonokuni，Kyusyu，Japan in Edo Period,,,,,
,日本京都大德寺,"Daitokuji Temple in Kyoto, Japan",,,,,
,日本東京都赤坂離宮,Akasakarikyu in Tokyo,,,,,
,日本東京,"Tokyo, Japan",,,,,
,贛州,Ganzhou,,,,,
,日本京都相國寺,"Shokokuji Temple in Kyoto, Japan",,,,,
,日本東京赤坂離宮,Akasakarikyu in Tokyo,,,,,
,日本東京都千代田區,"Chiyoda Ward, Tokyo, Japan",,,,,
,日本江戶城紅葉山,"Momijiyama Mountain, Edo Castle, Japan",,,,,
,建陽考亭,Jianyang Kaoting,,,,,
,京都東福寺塔頭不二庵,"Tattyu Fuji-an, Tofukuji Temple, Kyoto, Japan",,,,,
,日本鐮倉,"Kamakura, Japan",,,,,
,日本江戶,"Edo, Japan",,,,,
,龍舒,Long Shu,,,,,
,日本東京內務省,"Home Ministry, Tokyo, Japan",,,,,
,日本京都東福寺塔頭艮岳院,"Tattyu Kongaku-in, Tofukuji Temple, Kyoto, Japan",,,,,
,日本越前國福井藩,Fukui-han，Echizennokuni，Japan,,,,,
,日本越前福原寺?,Japan Echizen Fukuhara Temple?,,,,,
,朝鮮?,North Korea?,,,,,
,日本東京上野忍岡,"Shinobugaoka Ueno, Tokyo, Japan",,,,,
,岡山城?,Okayama Castle?,,,,,
,日本神奈川縣橫濱市金澤區金澤町,"Kanazawa, Kanazawa Ward, Yokohama City, Kanagawa Prefecture, Japan",,,,,
,日本京都御苑,"Gyoen, Kyoto, Japan",,,,,
,日本京都府京都市上京區今出川通烏丸東入相國寺門前町,"Karasuma Higasi-iru Syokokujimonzen-cho, Imidekawa-dori, Kamigyo Ward, Kyoto Prefecture, Japan",,,,,
,日本京都右京區嵯峨,"Saga, Ukyo Ward, Kyoto, Japan",,,,,
,日本東京千代田區,"Chiyoda Ward, Tokyo, Japan",,,,,
,日本京都右京區嵯峨北堀町,"Sagakitabori, Ukyo ward, Kyoto, Japan",,,,,
,日本？,Japan?,,,,,
,浙江,Zhejiang,,,,,
,日本姬路,Himeji,,,,,
,中國？,China?,,,,,
,中國,China,,,,,
,日本江戶紅葉山,"Momijiyama Mountain, Edo, Japan",,,,,
,日本京都府,Kyoto Prefecture,,,,,
,日本神奈川縣鎌倉市,"Kamakura City, Kanagawa Prefecture, Japan",,,,,
,日本東京豐島區,"Toshima Ward, Tokyo, Japan",,,,,
,浙江杭州,"Hangzhou, Zhejiang",,,,,
,日本近江國蒲生郡仁正寺,Nisyoji，Gamo-gun，Ominokuni，Japan,,,,,
,漢陽,Hanyang,,,,,
,湖廣,Huguang,,,,,
,東京臺東區上野公園北,"Ueno Park North, Taito Ward, Tokyo",,,,,
,日本紅葉山,Momijiyama Mountain in Japan,,,,,
,日本土佐藩,"Tosa, Japan",,,,,
,建安,Jian 'an,,,,,
,建,Jian,,,,,
,日本京都,"Kyoto, Japan",,,,,
,日本東京都千代田區神田佐九間町醫學館,"Igakukan，Kanda Sakuma-cho, Chiyoda Ward, Tokyo, Japan",,,,,
,高麗京都開城府,"Kaesungfu, Kyoto, Korea",,,,,
,日本武藏國倉城郡六浦莊,Mutsuurasyo-ura，Kuragi-gun，Musashinokuni，Japan,,,,,
,廬陵,Luling,,,,,
,日本江都,Edo，Japan,,,,,
,松江澱山,Songjiang Lake Mountain,,,,,
,日本東京都忍岡,"Shinobugaoka, Tokyo, Japan",,,,,
,日本神奈川縣橫濱市金澤區,"Kanazawa Ward, Yokohama City, Kanagawa Prefecture, Japan",,,,,
,建安德新堂,Build a new hall,,,,,
,日本東京都千代田區北之丸公園,"Kitanomaru Park, Chiyoda Ward, Tokyo, Japan",,,,,
,日本湯島,"Yushima, Japan",,,,,
,日本東京都千代田區皇居,"Imperial House, Chiyoda Ward, Tokyo, Japan",,,,,
,日本神奈川,"Kanagawa, Japan",,,,,
,當塗郡,Dangtu county,,,,,
,日本東京都千代田區北丸公園内,"In the Kitanomaru Park, Chiyoda Ward, Tokyo, Japan",,,,,
,日本大阪府,"Osaka Prefecture, Japan",,,,,
,江西,Jiangxi,,,,,
,漢城府,Seoul prefecture,,,,,
,蘇州府吳縣,"Fuwu County, Suzhou",,,,,
,日本岐阜,"Gifu, Japan",,,,,
,日本相模國鎌倉郡,"Kamakura-gun, Sagamunokuni, Japan",,,,,
,日本京都市東福寺龍眠庵,"Ryumin-an, Tofukuji Temple, Kyoto City, Japan",,,,,
,日本東京都台東區上野公園,"Ueno Park, Taito Ward, Tokyo, Japan",,,,,
,圭山書院,Keisan Seowon,,,,,
,江南州,Jiangnan Prefecture,,,,,
,中国福建,"Fujian, China",,,,,
,中國吳縣,"Wuxian County, China",,,,,
,日本大阪,"Osaka, Japan",,,,,
,日本東京淺草藏前,"Kuramae，Asakusa, Tokyo, Japan",,,,,
,日本,Japan,,,,,
,揚州,Yangzhou,,,,,
,江蘇崑山,"Kunshan, Jiangsu",,,,,
,日本鹿兒島郡,"Kagoshima Prefecture, Japan",,,,,
,日本東京市中心皇宮內舊御府圖書館,"Old Imperial Palace Library in central Tokyo, Japan",,,,,
,蘇州府常熟縣,"Fuchangshu County, Suzhou",,,,,
,西湖書院,West Lake Academy,,,,,
,長春,Changchun,,,,,
,金州,Golden State,,,,,
,日本京都右京區南禪寺,"Nanzenji Temple in Ukyo Ward, Kyoto, Japan",,,,,
,日本奈良,"Nara, Japan",,,,,
,吉州安福,Keju Anfu,,,,,
,杭州,Hangzhou,,,,,
,成都府學,Chengdu Fuxue,,,,,
,朝鮮,North Korea,,,,,
,江南西路轉運司,Jiangnan West Road transport Department,,,,,
,日本東京市中心皇宮內天守閣遺跡旁,"Next to the ruins of the Tensyukaku inside the Imperial Palace in central Tokyo, Japan",,,,,
,建陽,Jianyang,,,,,
,神田佐久間街天文臺遺址,Ruins of Tenmondai in Kanda Sakuma Street,,,,,
時間,明治十八年至明治二十四年,Meiji 18th to Meiji 24th year,,,,,
,江戶時代前期,The early Edo period,,,,,
,朝鮮宣祖時期?,Joseon Seonjo period?,,,,,
,元至正四年,Four years from Yuan to Zheng,,,,,
,一八八九年後,After 1889,,,,,
,明治年間,Meiji period,,,,,
,明和二年至寬政三年,Meiwa 2nd to Kansei 3rd,,,,,
,明治17年,Meiji 17th year,,,,,
,南宋末,Late Southern Song Dynasty,,,,,
,明治二十四年至昭和二十四年,Meiji 24 to Showa 24,,,,,
,雍正六年至嘉慶四年,The sixth year of Yongzheng to the fourth year of Jiaqing,,,,,
,1599年以後,After 1599,,,,,
,鐮倉時期(且北條實時之後),Kamakura Period (and after Hojo Sanetoki),,,,,
,明治七年至明治十四年,The seventh year of Meiji to the 14th year of Meiji,,,,,
,文化五年二月,Bunka 5 February,,,,,
,明治24年,Meiji 24 years,,,,,
,鐮倉時期（北條實時之後）,Kamakura Period (and after Hojo Sanetoki),,,,,
,明治六年至昭和二十二年之間,Between the sixth year of Meiji and the 22nd year of Showa,,,,,
,江戶後期,Late edo period,,,,,
,元順帝至元六年,Yuan Shun Emperor to Yuan six years,,,,,
,天和元年前,before Tenna 1st,,,,,
,大正十一年壬戌冬,the winter of Taisho 11th，Renxu,,,,,
,元至正八年,Yuan to Zheng eight years,,,,,
,弘化三年後,after Kouka 3rd,,,,,
,南宋慶元六年/鐮倉時代/天正、文祿間,Southern Song Qing Yuan six years/Kamakura era/Tensyo，Bunroku,,,,,
,南宋寧宗前期,Early Ningzong period of the Southern Song Dynasty,,,,,
,元和五年之後,after Genna 5th,假定爲江戶時代的元和年號,,,,
,建治元年以後,After the first year of Kenji,,,,,
,明治元年至明治四年,The first Meiji year to the fourth Meiji year,,,,,
,寶曆四年以後,after Horeki 4th,,,,,
,明德四年後,after Meitoku 4th,,,,,
,南宋理宗時期,Rizong period of Southern Song Dynasty,,,,,
,明治年间,Meiji period,,,,,
,寬永十六年後,after Kanei 16th,,,,,
,戰國時期?,Sengoku Period,,,,,
,元代,Yuan Dynasty,,,,,
,明治十二年至明治十九年,The 12th to 19th years of Meiji,,,,,
,明治時期,Meiji period,,,,,
,応永元年後,after Oei 1st,,,,,
,蒙古憲宗五年,Five years of the Mongolian Constitution,,,,,
,文政十年以後,after Bunsei 10th,,,,,
,元世祖至元二十八年辛卯,"Xinmao, Emperor Shizu of the Yuan Dynasty, in the 28th year of the Yuan Dynasty",,,,,
,長慶七年以後,After seven years in Changqing,,,,,
,明治六年至明治十八年之間,Between the sixth and 18th years of Meiji,,,,,
,昭和二十四年至今,Showa twenty-four years to the present,,,,,
,淳煕9年後的宋孝宗朝,Emperor Xiaozong of Song Dynasty in 9 years,,,,,
,文化十四年六月,Bunka 14 June,,,,,
,明治時期?,The Meiji period?,,,,,
,明治十七年之前,before Meiji 17th,,,,,
,元大德十一年,Yuan Da De eleven years,,,,,
,安永四年以後,after Anei 4th,,,,,
,元,yuan,,,,,
,嘉元元年、二年,Kagen 1st，2nd,,,,,
,永祿九年丙寅四月十六日,Eiroku ninth，Bingyin，April 16,,,,,
,明治維新以前,Before the Meiji Restoration,,,,,
,北宋,Northern Song Dynasty,,,,,
,日本江戶時代德川家齊寬政九年後,after Kansei 9th，Edo Period in Japan，governed by Tokugawa Ienari,,,,,
,文化辛未及以後,after Bunka Xinwei,,,,,
,明治二十二年後,after Meiji 22nd,,,,,
,文政,Bunsei,,,,,
,元至正二年,Yuan to Zheng two years,,,,,
,明治18年,Meiji 18th year,,,,,
,元至元二十五年,From Yuan to Yuan in the 25th year,,,,,
,元至元間,Between the yuan and the yuan,,,,,
,朝鮮世宗十一年,The eleventh year of Sejong of Korea,,,,,
,乾隆年間,Qianlong period,,,,,
,天保八年丁酉歲八月十一日,Tenpou 8th，Dingyou，August 11,,,,,
,江戶後期,Late edo period,,,,,
,寬政九年以後,after Kansei 9th,,,,,
,日本明治五年後,after Meiji 5th,,,,,
,明治二十四年,The 24th year of Meiji,,,,,
,南宋紹興年間,The Shaoxing Period of the Southern Song Dynasty,,,,,
,日本正親町天皇永祿九年-後陽成天皇天正十九年,Eiroku 9th of Emperor Ogimachi - Tensyo 19th of Emperor Goyozei,,,,,
,至元三年,Three years,,,,,
,正和二年,Showa 2nd,,,,,
,日本弘化四年至明治十七年,Kouka 4th to Meiji 17th,,,,,
,清嘉慶至宣統年間,Qing Jiaqing to Xuantong years,,,,,
,寬永7年,Kanei 7th,,,,,
,寬政中,in Kansei,,,,,
,文化二年-明治元年,Bunka 2nd-Meiji 1st,,,,,
,日本明治七年後,after Meiji 7th,,,,,
,天正十四年至寬永二十年之間,Tensyo 14th to Kanei 20th,,,,,
,南宋/元末明初/江戶,Southern Song/late Yuan/Early Ming/Edo,,,,,
,明治時代,Meiji era,,,,,
,紹熙年間,Shaoxi period,,,,,
,嘉永二年至昭和四年之間,Between the second year of Jiayong and the fourth year of Zhaohe,,,,,
,嘉定九年,Nine years in Jiading,,,,,
,明治八年以後,After the eighth year of Meiji Period,,,,,
,寶歷五年至文化七年,Horeki 5th to Bunka 10th,,,,,
,元祿十四年至天明二年,Genroku 14th to Tenmei 2nd,,,,,
,日本明治元年後,after Meiji 1st,,,,,
,文政十一年至明治十年,Bunsei 11th to Meiji 10th,,,,,
,昭和二十二年之後,after Showa 22nd,,,,,
,朝鮮李氏王朝時期,The Lee Dynasty of Korea,,,,,
,南宋光宗年間/延德三年,The Southern Song Dynasty Guangzong period/Yande three years,,,,,
,五山時期(且成立京都五山之後),Gozan Period (and after the establishment of Kyoto Gozan),,,,,
,仁宗至徽宗,Renzong to Huizong,,,,,
,明治二十一年,The 21st year of Meiji,,,,,
,天保五年以後,after Tenpou 5th,,,,,
,文政十一年以前,before Bunsei 11th,,,,,
,江戶時代中期,The middle Edo period,,,,,
,康暦二年後,after Koryaku 2nd,,,,,
,室町時期,Muromachi period,,,,,
,南宋/南宋,The Southern Song Dynasty,,,,,
,元至正十一年,Yuan to the eleventh year,,,,,
,元至正二年/明成化九年/江戶前期,Yuan to Zheng two years/Ming Chenghua nine years/early Edo,,,,,
,明治2年,Meiji 2 years,,,,,
,南宋隆興、乾道年間,The Southern Song Dynasty Long Xing and Qiandao years,,,,,
,弘安五年后,after Koan 5th,,,,,
,明治十九年以後,After the nineteenth year of Meiji,,,,,
,江戶時代,Edo period,,,,,
,寬政三年之後,after Kansei 3rd,,,,,
,明治十九年至昭和八年,The nineteenth year of Meiji to the eighth year of Showa,,,,,
,建永元年之後,After the first year of Kenei,,,,,
,1604年後,After 1604,,,,,
,日本寬政五年後,after Kansei 5th,,,,,
,日本明治七年七月後,After  July，Meiji 7th,,,,,
,江戶明治之際,Junction of Edo and Meiji,,,,,
,明治十九年之後,after Meiji 19th,,,,,
,明嘉靖,Ming Jiajing,,,,,
,明治三十八年,The thirty-eighth year of Meiji,,,,,
,宝暦五年之前,before Horeki 5th,,,,,
,日本明治十七年後,after Meiji 17th,,,,,
,南宋慶元二年,The second year of Qingyuan in the Southern Song Dynasty,,,,,
,1868年,In 1868,,,,,
,日本文政癸未年,Bunsei，Guiwei,,,,,
,紹興丁卯季冬,Shaoxing Dingmao Jidong,,,,,
,享保至明和,Kyoho to Meiwa,,,,,
,明清之際,Ming and Qing Dynasties,,,,,
,昭和八年后,after Showa 8th,,,,,
,享和三年,Kyowa 3rd,,,,,
,北条實時之後,after Hojo Sanetoki,,,,,
,孝宗乾道年間,During the reign of Emperor Xiaozong Qiandao,,,,,
,明英宗正統十一年,Ming English orthodox eleven years,,,,,
,天明五年以前,before Tenmei 5th,,,,,
,元祿四年以後,after Genroku 4th,,,,,
,明和二年后,after Meiwa 2nd,,,,,
,成化六年至嘉靖二年,The sixth year of Chenghua to the second year of Jiajing,,,,,
,寬政八年,Kansei 8th,,,,,
,宋孝宗乾道間,Between Emperor Xiaozong of Song Dynasty and Emperor Qiandao,,,,,
,明治維新後,After the Meiji Restoration,,,,,
,昭和八年之後,after Showa 8th,,,,,
,應永二十年至文明七年,Oei 20th to Bunmei 7th,,,,,
,壬辰之役,Jinsin-no-ran,,,,,
,天明年間,in Tenmei,,,,,
,一九四九年後,After 1949,,,,,
,文祿元年以前,before Bunroku 1st,,,,,
,日本明治六年後,after Meiji 6th,,,,,
,明治十七年至明治十八年,Meiji 17th year to Meiji 18th year,,,,,
,日本室町時代,The Muromachi era,,,,,
,明治七年以後,After the seventh year of Meiji,,,,,
,高麗肅宗六年/大宋建中靖國元年/大遼乾統元年,The sixth year of King Sukjong in Goryeo/The first year of Yasukuni in the Jianzhong of the Song Dynasty/the first year of Gan Tong of the Great Liao Dynasty,,,,,
,寬政三年后,after Kansei 3rd,,,,,
,享和壬戌及以後,after Kyowa，Renxu,,,,,
,1618年後,After 1618,,,,,
,寬政三年前,before Kansei 3rd,,,,,
,日本弘化四年後,after Koka 4th,,,,,
,二戰後,After World War II,,,,,
,亨和三年,Kyowa 3rd,,,,,
,明治十七年以後,after Meiji 17th,,,,,
,明治十七年後,after Meiji 17th,,,,,
,元天曆元年,The first year of the Yuan calendar,,,,,
,仁孝天皇文政年間至明治十七年,From the Bunsei Period of Emperor Ninko to the 17th year of Meiji,,,,,
,1773年-1814年,From 1773 to 1814,,,,,
,文政元年,Bunsei 1st,,,,,
,天正十七年至明治十七年之間,Between the seventeenth year of Tensyo and the seventeenth year of Meiji,,,,,
,江戶時期,Edo period,,,,,
,明治五年至七年,Meiji five to seven years,,,,,
,約寳歷五年至寬政十三年,about Horeki 5th to Kansei 13th,,,,,
,明治二十六年十月,"October 26, Meiji",,,,,
,昭和五年以前,before Showa 5th,,,,,
,寬政十年以後,after Kansei 10th,,,,,
,明治六年前,before Meiji 6th,,,,,
,寬政三年後,after Kansei 3rd,,,,,
,明治十七年之後,after Meiji 17th,,,,,
,崇禎二年至約康熙二十六年,Chongzhen two years to about Kangxi twenty-six years,,,,,
,1249年次己酉,The year 1249 was the year of the eleventh hour,,,,,
,明代,Ming Dynasty,,,,,
,1760年-1801年,From 1760 to 1801,,,,,
,康熙年間,Reign of Kangxi,,,,,
,明治初,Early Meiji period,,,,,
,宝暦五年至享和元年之間,between Horeki 5th and Kyowa 1st,,,,,
,寬政八年前,before Kansei 8th,,,,,
,日本寬政九年後,after Kansei 9th,,,,,
,文政十一年,Bunsei 11th,,,,,
,南宋,Southern Song Dynasty,,,,,
,南宋紹興年间（紹興二十一年前）,The Shaoxing Period of the Southern Song Dynasty (21 years before Shaoxing),,,,,
,應永九年,Oei 9th,,,,,
,大德十年,Ten years of Great Virtue,,,,,
,文化十三年-明治元年,Bunka 13th- the first year of Meiji,,,,,
,一九三五年至一九四九年,From 1935 to 1949,,,,,
,淳熙12年/?,Chunhee 12 years /?,,,,,
,寶曆五年至享和元年,between Horeki 5th and Kyowa 1st,,,,,
,明治7年,Meiji 7th year,,,,,
,南宋孝宗朝,Xiao Zong of the Southern Song Dynasty,,,,,
,北宋/南宋,Northern Song/Southern Song,,,,,
,一九三五年四月,April 1935,,,,,
,亨和三年前,before Kyowa 3rd,,,,,
,明治5年,Meiji 5th year,,,,,
,淳熙丙午十二月,Chunxi C noon December,,,,,
,文政年間,Bunsei,,,,,
,一九一二年後,After 1912,,,,,
,天明元年以後,after Tenmei 1st,,,,,
,昭和二十四年,Showa 24th,,,,,
,北条實時以後,after Hojo Sanetoki,,,,,
,壬辰之役以前,before Jinshin-no-ran,,,,,
,昭和二十年後,after Showa 20th,,,,,
,紹興二十八年,Twenty-eight years of Shaoxing,,,,,
,孝宗至光宗,The king of Filial Piety to the King of Light,,,,,
,一九二二至一九三五,1922 to 1935,,,,,
書名,詩童子問二十卷,The poet asked the twenty volumes,,,,,
,重廣分門三蘇先生文粹,Heavy wide division of three Su Mr. Cultural essence,,,,,
,王荊文公詩,The poems of Wang Jing and Wen Gong,,,,,
,附音傍訓晦庵論語句解二卷,Attached to the sound of Xun Hanguan analects sentence solution two volumes,,,,,
,中州集,Zhongzhou collection,,,,,
,諸病源候論,On the pathogenesis of various diseases,,,,,
,文中子中說,The article said,,,,,
,村西集,Cun Xiji,,,,,
,東坡集,Dongpo collection,,,,,
,四書輯釋,The four books are released,,,,,
,正法眼藏,The right way is hidden in the eyes,,,,,
,史記,Historical records,,,,,
,集韻,Collection of rhyme,,,,,
,游宦紀聞,You eunuch chronicle,,,,,
,集千家註分類杜工部詩,Collection of thousands of notes classification Du Gongbu poetry,,,,,
,新編排韻增廣事類氏族大全,New arrangement of rhyme to increase the matter of clan completions,,,,,
,詩緝三十六卷,Poetry volume 36,,,,,
,十七史詳節,Seventeen sections of history,,,,,
,呂氏家塾讀詩記,Lu's family school read poetry,,,,,
,程朱二先生周易傳義,"Mr. Cheng, Zhu and Zhou Yi preached righteousness",,,,,
,太平寰宇記,Taiping World Book,,,,,
,王文公文集,The collected works of Wang Wengong,,,,,
,文選（明州本）,Selected texts (Mingzhou Edition),,,,,
,孝經,Filial piety sutra,,,,,
,楊氏家藏方,Yang's family Tibetan prescription,,,,,
,論語注疏,The Analects of Confucius,,,,,
,故唐律疏議名例篇,"Therefore, the Tang Dynasty law sparsely discussed famous examples",,,,,
,崔舍人玉堂類稿,Cui Sheren jade Hall class manuscript,,,,,
,周易本义附錄集註十卷,Zhouyi original meaning Appendix notes ten volumes,,,,,
,春秋胡氏傳附錄纂疏,The Spring and Autumn Hu appendix is sparse,,,,,
,歐陽文忠公集,Ouyang Wenzhong Gongji,,,,,
,禪林類聚,Zen forest together,,,,,
,新編四六必用方與勝覽,The new 46 will use Fang and Sheng Shan,,,,,
,論衡,On balance,,,,,
,北礀集,Beiqiji,,,,,
,聯燈會要,The lights will be,,,,,
,增廣太平惠民和劑局方,Enlarge Taiping benefit people and drug bureau side,,,,,
,古今韻會舉要,Ancient and modern rhyme will mention,,,,,
,誠齋四六發遣膏馥,Cheng Zhai four six hair send ointment Fu,,,,,
,景文宋公集,Jingwen Song Gong set,,,,,
,太平御覽,Peaceful view,,,,,
,詩集傳音釋,A collection of poems is translated,,,,,
,天台陳先生類編花果卉木全芳備祖,Rooftop Mr. Chen type braid flowers and flowers wood full aromatic prepared ancestor,,,,,
,四書章圖纂釋,The four books and chapters of the map compilation,,,,,
,寒山詩集,Hanshan poetry collection,,,,,
,本草衍義,The implication of materia medica,,,,,
,禮記集說,The book of Rites says,,,,,
,魏氏家藏方,Wei's family Tibetan prescriptions,,,,,
,尚書正義,Justice of the book,,,,,
,纂圖增新群書類要類事林廣記,The compilation of new books to add to the class of things in the broad records,,,,,
,春秋諸傳會通,The Spring and Autumn generations will pass through,,,,,
,爾雅注疏,A surname,,,,,
,初學記,Beginner's record,,,,,
,通典,General code,,,,,
,世說新語,The world speaks a new language,,,,,
,文選（贛州本）,Selected Texts (Ganzhou version),,,,,
,新編類要圖註本草,The new class diagram notes materia medica,,,,,
,西翁近藁,Scion chinensis,,,,,
,大方廣佛華嚴經,Generous and broad Buddha and strict sutras,,,,,
,誠齋先生南海集,Mr. Seizai Nanhai Collection,,,,,
,春秋經傳集解三十卷,The Spring and Autumn classics collected 30 volumes,,,,,
,國朝文類,Chinese and Korean characters,,,,,
,誠齋集,Seisaiji,,,,,
,禪宗頌古聯珠通集,Zen song ancient Lianzhu Tong set,,,,,
經手方式,撰述/編類,Writing/categorizing,,,,,
,題跋,Preface and postscript,,,,,
,抄補,Copy and supplement,,,,,
,編撰,compile,,,,,
,撰,from,,,,,
,轉贈,regift,,,,,
,校正,correction,,,,,
,收藏/題識/批註,Bookmark/mark/comment,,,,,
,編,Ed,,,,,
,撰/纂釋,Write/compile,,,,,
,收藏/經手,Collect/handle,,,,,
,收藏,collect,,,,,
,注/疏,Injection/thinning,,,,,
,撰/覆審/刊定,I write/review/KanDing,,,,,
,撰/編次/補注,Make/compile/supplement,,,,,
,收藏/訓點,Collection/Katen,,,,,
,撰/箋註/評點,Write/annotate/comment on notes,,,,,
,收藏/進獻,Collect/dedicate,,,,,
,重雕,recarving,,,,,
,重刻,reprint,,,,,
,著/編/校勘,Written/edited/collated,,,,,
,補鈔,Banknote replenishment,,,,,
,收藏?,Collection?,,,,,
,批註,comment,,,,,
,收藏?/題識,Collection? / identification,,,,,
,補抄,Make up,,,,,
,刊刻,print,,,,,
,注,note,,,,,
,撰/注,Write/note,,,,,
,集注,focus,,,,,
,校正刊刻,Corrected printing,,,,,
,撰/編,Compile/compile,,,,,
,鈔補,Banknote replacement,,,,,
,代管,escrow,,,,,
,纂,code,,,,,
,進獻,contribution,,,,,
,修定,revise,,,,,
,編撰/舉要,Compile/write,,,,,
,輯集/續輯,The collection/sequel,,,,,
,編輯/訂正,Edit/revise,,,,,
,資助刊刻,Subsidized printing,,,,,
,改裝,refit,,,,,
,描紅,reddening,,,,,
,觀閱,Watch and read,,,,,
,著/編,Write/compile,,,,,
,題識,identification,,,,,
,批校,proofreading,,,,,
,訓點/批校,Katen/batch school,,,,,
,點校,Spot check,,,,,
,識語,cognizance,,,,,
,譯,translation,,,,,
,著,the,,,,,
,精加校刻,Fine and proofread,,,,,
,編撰/注,Edit/note,,,,,
,題識/訓點,The idea/Katen,,,,,
